{
	"abysses": [],
	"beacons": [
		{
			"intensity": 1.0,
			"is_on": false,
			"x": 836.0,
			"y": 300.0
		}
	],
	"goals": [
		{
			"radius": 50.0,
			"x": 635.0,
			"y": 304.0
		}
	],
	"required_robots": 3,
	"robots": [
		{
			"x": 108.051681518555,
			"y": 303.732391357422
		},
		{
			"x": 167.665908813477,
			"y": 335.986206054688
		},
		{
			"x": 165.98551940918,
			"y": 276.001953125
		}
	]
}